"Series Code","Country or Area Code","Country or Area","Year","Value"
"N2O","1","Australia","2020","18586.6505786423"
"N2O","1","Australia","2019","18751.6454597708"
"N2O","1","Australia","2018","19578.7352445301"
"N2O","1","Australia","2017","20719.4402875542"
"N2O","1","Australia","2016","19042.9126227538"
"N2O","1","Australia","2015","19054.8322733447"
"N2O","1","Australia","2014","19673.1389378784"
"N2O","1","Australia","2013","19263.6358124958"
"N2O","1","Australia","2012","20490.296456053"
"N2O","1","Australia","2011","20287.683088736"
"N2O","1","Australia","2010","19537.8716919547"
"N2O","1","Australia","2009","19661.2626200018"
"N2O","1","Australia","2008","19147.732934924"
"N2O","1","Australia","2007","18821.0806253694"
"N2O","1","Australia","2006","20417.3830947524"
"N2O","1","Australia","2005","20511.0811136915"
"N2O","1","Australia","2004","20441.0027055759"
"N2O","1","Australia","2003","18758.9599266644"
"N2O","1","Australia","2002","19909.1989642037"
"N2O","1","Australia","2001","19403.2046525346"
"N2O","1","Australia","2000","19088.8402585257"
"N2O","1","Australia","1999","18148.0916543943"
"N2O","1","Australia","1998","17673.2076171566"
"N2O","1","Australia","1997","17617.6895719331"
"N2O","1","Australia","1996","16826.2704761071"
"N2O","1","Australia","1995","15562.6430886656"
"N2O","1","Australia","1994","16394.369542561"
"N2O","1","Australia","1993","15972.7416666699"
"N2O","1","Australia","1992","15513.317791092"
"N2O","1","Australia","1991","15683.9143938991"
"N2O","1","Australia","1990","16084.6451790658"
"N2O","2","Austria","2020","3497.98739494488"
"N2O","2","Austria","2019","3550.72596702131"
"N2O","2","Austria","2018","3552.56893241916"
"N2O","2","Austria","2017","3593.0108238514"
"N2O","2","Austria","2016","3655.09806423336"
"N2O","2","Austria","2015","3555.14123061084"
"N2O","2","Austria","2014","3538.43223171672"
"N2O","2","Austria","2013","3446.72431809404"
"N2O","2","Austria","2012","3464.00541276999"
"N2O","2","Austria","2011","3493.37492030476"
"N2O","2","Austria","2010","3388.73017850486"
"N2O","2","Austria","2009","3579.90714298248"
"N2O","2","Austria","2008","3802.60537901086"
"N2O","2","Austria","2007","3631.87318168796"
"N2O","2","Austria","2006","3613.82903087005"
"N2O","2","Austria","2005","3606.67969515501"
"N2O","2","Austria","2004","3609.04741192562"
"N2O","2","Austria","2003","4203.13730687817"
"N2O","2","Austria","2002","4213.5196083089"
"N2O","2","Austria","2001","4221.8301825777"
"N2O","2","Austria","2000","4355.29289005872"
"N2O","2","Austria","1999","4386.45770955985"
"N2O","2","Austria","1998","4412.49574645782"
"N2O","2","Austria","1997","4368.00644013391"
"N2O","2","Austria","1996","4355.73046853485"
"N2O","2","Austria","1995","4337.62182755784"
"N2O","2","Austria","1994","4271.79001061695"
"N2O","2","Austria","1993","4330.32273886997"
"N2O","2","Austria","1992","4322.95879432148"
"N2O","2","Austria","1991","4541.58294147368"
"N2O","2","Austria","1990","4511.45699613521"
"N2O","3","Belarus","2020","12744.9115441637"
"N2O","3","Belarus","2019","12362.0583494132"
"N2O","3","Belarus","2018","12284.9304464562"
"N2O","3","Belarus","2017","12376.1086520349"
"N2O","3","Belarus","2016","12095.5240843505"
"N2O","3","Belarus","2015","12002.1255523254"
"N2O","3","Belarus","2014","12179.3375302464"
"N2O","3","Belarus","2013","12702.3666353666"
"N2O","3","Belarus","2012","12599.8203127089"
"N2O","3","Belarus","2011","13093.6055616966"
"N2O","3","Belarus","2010","12581.73666792"
"N2O","3","Belarus","2009","12723.3054581144"
"N2O","3","Belarus","2008","12477.665993531"
"N2O","3","Belarus","2007","11898.6574699032"
"N2O","3","Belarus","2006","12079.9229334134"
"N2O","3","Belarus","2005","11571.673137084"
"N2O","3","Belarus","2004","11160.7298211905"
"N2O","3","Belarus","2003","10878.2780019738"
"N2O","3","Belarus","2002","10382.9537272805"
"N2O","3","Belarus","2001","10855.8708350071"
"N2O","3","Belarus","2000","11189.7586528351"
"N2O","3","Belarus","1999","11228.36906819"
"N2O","3","Belarus","1998","14722.7775255689"
"N2O","3","Belarus","1997","11943.1468614953"
"N2O","3","Belarus","1996","11616.3921584834"
"N2O","3","Belarus","1995","11210.1872377097"
"N2O","3","Belarus","1994","11828.7321429814"
"N2O","3","Belarus","1993","14269.8571572472"
"N2O","3","Belarus","1992","14373.5313210018"
"N2O","3","Belarus","1991","16007.1946914656"
"N2O","3","Belarus","1990","16274.7394207312"
"N2O","4","Belgium","2020","5380.95855399112"
"N2O","4","Belgium","2019","5556.23070122874"
"N2O","4","Belgium","2018","5632.54504890597"
"N2O","4","Belgium","2017","5895.37813884905"
"N2O","4","Belgium","2016","5718.44174612195"
"N2O","4","Belgium","2015","5991.06697267152"
"N2O","4","Belgium","2014","6139.45379109253"
"N2O","4","Belgium","2013","6135.23260265364"
"N2O","4","Belgium","2012","6296.09198052932"
"N2O","4","Belgium","2011","6326.11127393841"
"N2O","4","Belgium","2010","7529.15904482266"
"N2O","4","Belgium","2009","7016.76966736021"
"N2O","4","Belgium","2008","6919.18409135567"
"N2O","4","Belgium","2007","6950.43126899214"
"N2O","4","Belgium","2006","7485.95662514623"
"N2O","4","Belgium","2005","8485.05738313509"
"N2O","4","Belgium","2004","8729.50435045424"
"N2O","4","Belgium","2003","8563.48670512188"
"N2O","4","Belgium","2002","9463.72077112428"
"N2O","4","Belgium","2001","9810.07827959084"
"N2O","4","Belgium","2000","10200.2783832491"
"N2O","4","Belgium","1999","10921.3965352602"
"N2O","4","Belgium","1998","10915.6285596594"
"N2O","4","Belgium","1997","11031.3111821837"
"N2O","4","Belgium","1996","11253.982161483"
"N2O","4","Belgium","1995","10815.4271795099"
"N2O","4","Belgium","1994","10332.696232453"
"N2O","4","Belgium","1993","9928.95721219423"
"N2O","4","Belgium","1992","9654.74030985608"
"N2O","4","Belgium","1991","9930.2072111964"
"N2O","4","Belgium","1990","10063.1682140626"
"N2O","5","Bulgaria","2020","4760.57123915505"
"N2O","5","Bulgaria","2019","4904.61243277033"
"N2O","5","Bulgaria","2018","4892.07187056685"
"N2O","5","Bulgaria","2017","4988.97094221489"
"N2O","5","Bulgaria","2016","5007.48567070069"
"N2O","5","Bulgaria","2015","4676.44186023614"
"N2O","5","Bulgaria","2014","4574.5633906763"
"N2O","5","Bulgaria","2013","4124.71659107527"
"N2O","5","Bulgaria","2012","3730.36338514653"
"N2O","5","Bulgaria","2011","3649.13642752983"
"N2O","5","Bulgaria","2010","4007.65911664549"
"N2O","5","Bulgaria","2009","3533.56403282011"
"N2O","5","Bulgaria","2008","3923.8253242904"
"N2O","5","Bulgaria","2007","3682.93123974804"
"N2O","5","Bulgaria","2006","3650.46887568682"
"N2O","5","Bulgaria","2005","4127.72126333584"
"N2O","5","Bulgaria","2004","4289.03995390575"
"N2O","5","Bulgaria","2003","3697.67323117383"
"N2O","5","Bulgaria","2002","3880.95346233431"
"N2O","5","Bulgaria","2001","3963.97804373273"
"N2O","5","Bulgaria","2000","3876.41441892401"
"N2O","5","Bulgaria","1999","3790.76318405696"
"N2O","5","Bulgaria","1998","3633.80363779539"
"N2O","5","Bulgaria","1997","4459.90272442662"
"N2O","5","Bulgaria","1996","4693.06090095148"
"N2O","5","Bulgaria","1995","4817.9037493991"
"N2O","5","Bulgaria","1994","4947.53710427197"
"N2O","5","Bulgaria","1993","5031.62689723988"
"N2O","5","Bulgaria","1992","5559.8702202955"
"N2O","5","Bulgaria","1991","6658.98687239707"
"N2O","5","Bulgaria","1990","8590.12149772887"
"N2O","6","Canada","2020","32763.175276727"
"N2O","6","Canada","2019","31564.3776309548"
"N2O","6","Canada","2018","31442.685271575"
"N2O","6","Canada","2017","30135.5986290573"
"N2O","6","Canada","2016","30661.1465482255"
"N2O","6","Canada","2015","30129.2288697492"
"N2O","6","Canada","2014","28940.1707512118"
"N2O","6","Canada","2013","30108.7337052625"
"N2O","6","Canada","2012","28883.2564024767"
"N2O","6","Canada","2011","27793.8272595707"
"N2O","6","Canada","2010","27715.416568313"
"N2O","6","Canada","2009","28328.9244122332"
"N2O","6","Canada","2008","31241.1388091746"
"N2O","6","Canada","2007","30588.1216425218"
"N2O","6","Canada","2006","30111.9109653158"
"N2O","6","Canada","2005","31858.9872227357"
"N2O","6","Canada","2004","32761.0981861647"
"N2O","6","Canada","2003","31453.5442051344"
"N2O","6","Canada","2002","30367.4935315432"
"N2O","6","Canada","2001","30087.8167304729"
"N2O","6","Canada","2000","30162.5260382121"
"N2O","6","Canada","1999","30578.3921983162"
"N2O","6","Canada","1998","33022.6335091567"
"N2O","6","Canada","1997","36752.4346589002"
"N2O","6","Canada","1996","37740.1902807872"
"N2O","6","Canada","1995","35891.474424541"
"N2O","6","Canada","1994","35418.9648528245"
"N2O","6","Canada","1993","32731.1056815743"
"N2O","6","Canada","1992","32918.8224023966"
"N2O","6","Canada","1991","32093.9854874411"
"N2O","6","Canada","1990","33194.5145025841"
"N2O","7","Croatia","2020","1658.17075032032"
"N2O","7","Croatia","2019","1619.58356085221"
"N2O","7","Croatia","2018","1615.58231256761"
"N2O","7","Croatia","2017","1665.61749551779"
"N2O","7","Croatia","2016","1545.65480139775"
"N2O","7","Croatia","2015","1777.73443836166"
"N2O","7","Croatia","2014","1638.81299782497"
"N2O","7","Croatia","2013","1678.63344847328"
"N2O","7","Croatia","2012","2263.16492193305"
"N2O","7","Croatia","2011","2492.71377596416"
"N2O","7","Croatia","2010","2432.50693221729"
"N2O","7","Croatia","2009","2189.22166138474"
"N2O","7","Croatia","2008","2826.86867808583"
"N2O","7","Croatia","2007","2522.42517345443"
"N2O","7","Croatia","2006","2470.52603529784"
"N2O","7","Croatia","2005","2460.38221379311"
"N2O","7","Croatia","2004","2497.61780108508"
"N2O","7","Croatia","2003","2257.04947900247"
"N2O","7","Croatia","2002","2348.6479914142"
"N2O","7","Croatia","2001","2433.72983340889"
"N2O","7","Croatia","2000","2467.54405301014"
"N2O","7","Croatia","1999","2347.86007764488"
"N2O","7","Croatia","1998","2116.55290834016"
"N2O","7","Croatia","1997","2468.43363829559"
"N2O","7","Croatia","1996","2273.88199802632"
"N2O","7","Croatia","1995","2274.9593822783"
"N2O","7","Croatia","1994","2353.02755867532"
"N2O","7","Croatia","1993","2314.11716715203"
"N2O","7","Croatia","1992","2712.5094901018"
"N2O","7","Croatia","1991","2702.36962681828"
"N2O","7","Croatia","1990","2860.59758829838"
"N2O","8","Cyprus","2020","257.985746759426"
"N2O","8","Cyprus","2019","251.424627327451"
"N2O","8","Cyprus","2018","246.646750039681"
"N2O","8","Cyprus","2017","245.022795225937"
"N2O","8","Cyprus","2016","238.883107138162"
"N2O","8","Cyprus","2015","230.995072822671"
"N2O","8","Cyprus","2014","223.682013196854"
"N2O","8","Cyprus","2013","229.971936373168"
"N2O","8","Cyprus","2012","254.575780967294"
"N2O","8","Cyprus","2011","259.658769487632"
"N2O","8","Cyprus","2010","274.288859671424"
"N2O","8","Cyprus","2009","258.462421822792"
"N2O","8","Cyprus","2008","266.24577231829"
"N2O","8","Cyprus","2007","280.069009838001"
"N2O","8","Cyprus","2006","291.282231972007"
"N2O","8","Cyprus","2005","279.741263464514"
"N2O","8","Cyprus","2004","307.761887876187"
"N2O","8","Cyprus","2003","323.509170062506"
"N2O","8","Cyprus","2002","327.95848385166"
"N2O","8","Cyprus","2001","325.509345950807"
"N2O","8","Cyprus","2000","295.789031615219"
"N2O","8","Cyprus","1999","296.706903946723"
"N2O","8","Cyprus","1998","307.413151716035"
"N2O","8","Cyprus","1997","285.710679061354"
"N2O","8","Cyprus","1996","293.908833570818"
"N2O","8","Cyprus","1995","321.318969221693"
"N2O","8","Cyprus","1994","280.915048660003"
"N2O","8","Cyprus","1993","290.771594286367"
"N2O","8","Cyprus","1992","273.20585079601"
"N2O","8","Cyprus","1991","246.838670737348"
"N2O","8","Cyprus","1990","246.448650986416"
"N2O","9","Czechia","2020","5328.31882529066"
"N2O","9","Czechia","2019","5606.60931577567"
"N2O","9","Czechia","2018","5862.23448627683"
"N2O","9","Czechia","2017","6214.86993615648"
"N2O","9","Czechia","2016","6284.87111509644"
"N2O","9","Czechia","2015","6136.65752737401"
"N2O","9","Czechia","2014","5739.32548493555"
"N2O","9","Czechia","2013","5627.63302275466"
"N2O","9","Czechia","2012","5851.43513505915"
"N2O","9","Czechia","2011","5989.65687568496"
"N2O","9","Czechia","2010","5347.91633029573"
"N2O","9","Czechia","2009","5463.68455201733"
"N2O","9","Czechia","2008","6304.94713247444"
"N2O","9","Czechia","2007","6238.30714722565"
"N2O","9","Czechia","2006","6172.68345502628"
"N2O","9","Czechia","2005","6294.98436929008"
"N2O","9","Czechia","2004","6449.86954418776"
"N2O","9","Czechia","2003","5786.40404809445"
"N2O","9","Czechia","2002","6273.72372100159"
"N2O","9","Czechia","2001","6673.07468885221"
"N2O","9","Czechia","2000","6404.24522396681"
"N2O","9","Czechia","1999","5981.47595908206"
"N2O","9","Czechia","1998","6191.93857475484"
"N2O","9","Czechia","1997","6309.57297020567"
"N2O","9","Czechia","1996","6341.56091415554"
"N2O","9","Czechia","1995","6583.1933728979"
"N2O","9","Czechia","1994","6288.72540647698"
"N2O","9","Czechia","1993","6396.34226020567"
"N2O","9","Czechia","1992","7127.31848570394"
"N2O","9","Czechia","1991","7949.05582545179"
"N2O","9","Czechia","1990","9287.95119618261"
"N2O","10","Denmark","2020","5815.96320326718"
"N2O","10","Denmark","2019","5857.93157843904"
"N2O","10","Denmark","2018","5665.2453110207"
"N2O","10","Denmark","2017","5921.69641253639"
"N2O","10","Denmark","2016","5846.64144778718"
"N2O","10","Denmark","2015","5731.80122129712"
"N2O","10","Denmark","2014","5713.07496592712"
"N2O","10","Denmark","2013","5592.44113143985"
"N2O","10","Denmark","2012","5594.05945076823"
"N2O","10","Denmark","2011","5692.92475585787"
"N2O","10","Denmark","2010","5684.31788291477"
"N2O","10","Denmark","2009","5795.5319516297"
"N2O","10","Denmark","2008","6023.99791638676"
"N2O","10","Denmark","2007","6001.68655692588"
"N2O","10","Denmark","2006","5852.09524083456"
"N2O","10","Denmark","2005","5987.21756815094"
"N2O","10","Denmark","2004","6610.3575006324"
"N2O","10","Denmark","2003","6920.05661318356"
"N2O","10","Denmark","2002","7054.71896189777"
"N2O","10","Denmark","2001","7164.45684700857"
"N2O","10","Denmark","2000","7377.72292238498"
"N2O","10","Denmark","1999","7443.90919349453"
"N2O","10","Denmark","1998","7438.73494525596"
"N2O","10","Denmark","1997","7442.25869654729"
"N2O","10","Denmark","1996","7380.51473861194"
"N2O","10","Denmark","1995","7760.52565934073"
"N2O","10","Denmark","1994","7813.51114724666"
"N2O","10","Denmark","1993","7870.08246316296"
"N2O","10","Denmark","1992","8110.99963077065"
"N2O","10","Denmark","1991","8388.79345652062"
"N2O","10","Denmark","1990","8554.67490087107"
"N2O","11","Estonia","2020","929.680699179919"
"N2O","11","Estonia","2019","928.457143356687"
"N2O","11","Estonia","2018","862.503236884498"
"N2O","11","Estonia","2017","873.329240538234"
"N2O","11","Estonia","2016","841.060001164825"
"N2O","11","Estonia","2015","868.218063602909"
"N2O","11","Estonia","2014","832.869089113663"
"N2O","11","Estonia","2013","805.93299822804"
"N2O","11","Estonia","2012","807.827437008652"
"N2O","11","Estonia","2011","756.03938461501"
"N2O","11","Estonia","2010","746.474642756727"
"N2O","11","Estonia","2009","725.470857656894"
"N2O","11","Estonia","2008","775.91698002441"
"N2O","11","Estonia","2007","719.966772821178"
"N2O","11","Estonia","2006","660.986515438398"
"N2O","11","Estonia","2005","672.164647284417"
"N2O","11","Estonia","2004","659.042801562248"
"N2O","11","Estonia","2003","625.120264154635"
"N2O","11","Estonia","2002","586.337287458523"
"N2O","11","Estonia","2001","614.730146716814"
"N2O","11","Estonia","2000","637.472162340364"
"N2O","11","Estonia","1999","604.757852368518"
"N2O","11","Estonia","1998","691.649062607062"
"N2O","11","Estonia","1997","667.794941440426"
"N2O","11","Estonia","1996","656.801640573448"
"N2O","11","Estonia","1995","698.207470529116"
"N2O","11","Estonia","1994","775.769938751167"
"N2O","11","Estonia","1993","851.841826383319"
"N2O","11","Estonia","1992","1089.52871576444"
"N2O","11","Estonia","1991","1310.21532872537"
"N2O","11","Estonia","1990","1340.44625339464"
"N2O","12","European Union","2020","226933.992957436"
"N2O","12","European Union","2019","229859.192748804"
"N2O","12","European Union","2018","233302.340017117"
"N2O","12","European Union","2017","236703.11417244"
"N2O","12","European Union","2016","232415.9117357"
"N2O","12","European Union","2015","232919.987801067"
"N2O","12","European Union","2014","233408.502294504"
"N2O","12","European Union","2013","230131.73436353"
"N2O","12","European Union","2012","229822.905533444"
"N2O","12","European Union","2011","231995.361214082"
"N2O","12","European Union","2010","237725.280452635"
"N2O","12","European Union","2009","247655.506097486"
"N2O","12","European Union","2008","262369.816811149"
"N2O","12","European Union","2007","274226.087964856"
"N2O","12","European Union","2006","272521.719243278"
"N2O","12","European Union","2005","283836.637560108"
"N2O","12","European Union","2004","290747.239973701"
"N2O","12","European Union","2003","286178.417461129"
"N2O","12","European Union","2002","289172.531997925"
"N2O","12","European Union","2001","300868.464717816"
"N2O","12","European Union","2000","302548.60134346"
"N2O","12","European Union","1999","305815.026050344"
"N2O","12","European Union","1998","327031.277470908"
"N2O","12","European Union","1997","349077.092803942"
"N2O","12","European Union","1996","352477.960829727"
"N2O","12","European Union","1995","346139.21314463"
"N2O","12","European Union","1994","344804.760292586"
"N2O","12","European Union","1993","340907.71975889"
"N2O","12","European Union","1992","350706.370559195"
"N2O","12","European Union","1991","365479.315814565"
"N2O","12","European Union","1990","383119.377938209"
"N2O","13","Finland","2020","4721.76830519247"
"N2O","13","Finland","2019","4828.58091148507"
"N2O","13","Finland","2018","4697.87319530165"
"N2O","13","Finland","2017","4730.62060686311"
"N2O","13","Finland","2016","4745.84889741899"
"N2O","13","Finland","2015","4752.51744600599"
"N2O","13","Finland","2014","4717.15081896094"
"N2O","13","Finland","2013","4660.99925435876"
"N2O","13","Finland","2012","4641.05756267337"
"N2O","13","Finland","2011","4651.43278544335"
"N2O","13","Finland","2010","4784.11601960754"
"N2O","13","Finland","2009","5190.59988056317"
"N2O","13","Finland","2008","6078.81409762179"
"N2O","13","Finland","2007","5920.16217828298"
"N2O","13","Finland","2006","5849.47451866991"
"N2O","13","Finland","2005","6035.06810158799"
"N2O","13","Finland","2004","5953.43101474458"
"N2O","13","Finland","2003","5863.05060220353"
"N2O","13","Finland","2002","5735.59037439443"
"N2O","13","Finland","2001","5699.35804137428"
"N2O","13","Finland","2000","5809.16188820152"
"N2O","13","Finland","1999","5731.78860359077"
"N2O","13","Finland","1998","5792.47293328081"
"N2O","13","Finland","1997","5971.1441807175"
"N2O","13","Finland","1996","5950.4275906161"
"N2O","13","Finland","1995","5902.92964095827"
"N2O","13","Finland","1994","5877.72905742024"
"N2O","13","Finland","1993","5767.32312981769"
"N2O","13","Finland","1992","5601.03356554462"
"N2O","13","Finland","1991","6030.81286363748"
"N2O","13","Finland","1990","6361.59291242368"
"N2O","14","France","2020","36430.9924728327"
"N2O","14","France","2019","38211.6304709152"
"N2O","14","France","2018","38634.8194586234"
"N2O","14","France","2017","40298.6670245435"
"N2O","14","France","2016","38924.9651354233"
"N2O","14","France","2015","40033.4945015132"
"N2O","14","France","2014","40202.7792270106"
"N2O","14","France","2013","39066.2495863815"
"N2O","14","France","2012","39300.6026404976"
"N2O","14","France","2011","39016.7069253656"
"N2O","14","France","2010","40616.2526805491"
"N2O","14","France","2009","42792.8769111012"
"N2O","14","France","2008","44373.4623341184"
"N2O","14","France","2007","45113.1803849249"
"N2O","14","France","2006","45052.946093452"
"N2O","14","France","2005","46451.4899201958"
"N2O","14","France","2004","47353.1772475498"
"N2O","14","France","2003","49009.1950545801"
"N2O","14","France","2002","50791.4414314775"
"N2O","14","France","2001","53523.4825371136"
"N2O","14","France","2000","53832.1798253786"
"N2O","14","France","1999","54882.9050326819"
"N2O","14","France","1998","60937.1532706293"
"N2O","14","France","1997","67552.8122334313"
"N2O","14","France","1996","67618.6618645146"
"N2O","14","France","1995","66091.0969156919"
"N2O","14","France","1994","64532.4014502702"
"N2O","14","France","1993","64413.3103710546"
"N2O","14","France","1992","65161.0854486055"
"N2O","14","France","1991","65470.2379443889"
"N2O","14","France","1990","64879.380353621"
"N2O","15","Germany","2020","28182.136974542"
"N2O","15","Germany","2019","28948.4575989187"
"N2O","15","Germany","2018","29715.7917285275"
"N2O","15","Germany","2017","31027.7236002679"
"N2O","15","Germany","2016","31521.1377491511"
"N2O","15","Germany","2015","31654.8740317553"
"N2O","15","Germany","2014","31704.6887705913"
"N2O","15","Germany","2013","31171.6762406726"
"N2O","15","Germany","2012","31001.076402788"
"N2O","15","Germany","2011","30854.9638914305"
"N2O","15","Germany","2010","30841.3783733238"
"N2O","15","Germany","2009","38817.1740482741"
"N2O","15","Germany","2008","38418.2097689745"
"N2O","15","Germany","2007","39708.5908764541"
"N2O","15","Germany","2006","36769.1492900308"
"N2O","15","Germany","2005","37521.8823422062"
"N2O","15","Germany","2004","39154.1998270107"
"N2O","15","Germany","2003","37496.389607498"
"N2O","15","Germany","2002","37767.336934583"
"N2O","15","Germany","2001","38529.7244556884"
"N2O","15","Germany","2000","36482.68984067"
"N2O","15","Germany","1999","37053.5252685176"
"N2O","15","Germany","1998","40977.6954399967"
"N2O","15","Germany","1997","53826.5095767283"
"N2O","15","Germany","1996","56761.6912099926"
"N2O","15","Germany","1995","55250.3798558318"
"N2O","15","Germany","1994","57078.6474766016"
"N2O","15","Germany","1993","55169.1946502693"
"N2O","15","Germany","1992","58034.2865365522"
"N2O","15","Germany","1991","56342.4123614157"
"N2O","15","Germany","1990","57989.3773968413"
"N2O","16","Greece","2020","4369.98463586818"
"N2O","16","Greece","2019","4353.09037004922"
"N2O","16","Greece","2018","4361.14798823772"
"N2O","16","Greece","2017","4460.59576225127"
"N2O","16","Greece","2016","4385.85563067232"
"N2O","16","Greece","2015","4331.10012158378"
"N2O","16","Greece","2014","4404.62448396288"
"N2O","16","Greece","2013","4613.42226282644"
"N2O","16","Greece","2012","4796.83699386811"
"N2O","16","Greece","2011","5223.90945232952"
"N2O","16","Greece","2010","5471.60105255811"
"N2O","16","Greece","2009","5271.06075957637"
"N2O","16","Greece","2008","5635.1882569634"
"N2O","16","Greece","2007","5881.90705101301"
"N2O","16","Greece","2006","5773.54864689227"
"N2O","16","Greece","2005","5942.35420146705"
"N2O","16","Greece","2004","6117.41555576315"
"N2O","16","Greece","2003","6112.72561012341"
"N2O","16","Greece","2002","6182.2782585232"
"N2O","16","Greece","2001","6231.8506378451"
"N2O","16","Greece","2000","6368.8340620712"
"N2O","16","Greece","1999","6584.448267911"
"N2O","16","Greece","1998","6632.91855579596"
"N2O","16","Greece","1997","6714.42636621445"
"N2O","16","Greece","1996","6874.47865180784"
"N2O","16","Greece","1995","6705.25626604791"
"N2O","16","Greece","1994","6494.27679687722"
"N2O","16","Greece","1993","6625.65441152108"
"N2O","16","Greece","1992","7179.66775841197"
"N2O","16","Greece","1991","7344.18171458288"
"N2O","16","Greece","1990","7481.07633613499"
"N2O","17","Hungary","2020","5012.72719826202"
"N2O","17","Hungary","2019","4849.90329037119"
"N2O","17","Hungary","2018","4847.50127868415"
"N2O","17","Hungary","2017","4780.85833227319"
"N2O","17","Hungary","2016","4781.19486058517"
"N2O","17","Hungary","2015","4515.06458027238"
"N2O","17","Hungary","2014","4413.96063806663"
"N2O","17","Hungary","2013","4184.40723435126"
"N2O","17","Hungary","2012","3841.0844005565"
"N2O","17","Hungary","2011","3907.01245298243"
"N2O","17","Hungary","2010","3713.92636574796"
"N2O","17","Hungary","2009","3788.49610834727"
"N2O","17","Hungary","2008","4083.84133501319"
"N2O","17","Hungary","2007","4786.11756731514"
"N2O","17","Hungary","2006","5334.52886826085"
"N2O","17","Hungary","2005","5608.34621932335"
"N2O","17","Hungary","2004","5879.32854457969"
"N2O","17","Hungary","2003","5087.44616700672"
"N2O","17","Hungary","2002","5166.64265432498"
"N2O","17","Hungary","2001","5854.34770676785"
"N2O","17","Hungary","2000","5404.67081537632"
"N2O","17","Hungary","1999","5065.43392287042"
"N2O","17","Hungary","1998","5237.14787025506"
"N2O","17","Hungary","1997","5329.06664443153"
"N2O","17","Hungary","1996","5332.35646457086"
"N2O","17","Hungary","1995","4749.54460346456"
"N2O","17","Hungary","1994","5580.93589797344"
"N2O","17","Hungary","1993","4627.72594531977"
"N2O","17","Hungary","1992","4443.52191642196"
"N2O","17","Hungary","1991","5697.6633403925"
"N2O","17","Hungary","1990","8377.4924005897"
"N2O","18","Iceland","2020","294.689063783069"
"N2O","18","Iceland","2019","294.535865604511"
"N2O","18","Iceland","2018","306.599725746164"
"N2O","18","Iceland","2017","321.44768910234"
"N2O","18","Iceland","2016","310.512020365866"
"N2O","18","Iceland","2015","312.273728739233"
"N2O","18","Iceland","2014","327.561030725901"
"N2O","18","Iceland","2013","302.351113381514"
"N2O","18","Iceland","2012","308.519527330629"
"N2O","18","Iceland","2011","301.87468079691"
"N2O","18","Iceland","2010","305.139508472431"
"N2O","18","Iceland","2009","316.469074585704"
"N2O","18","Iceland","2008","340.055615922556"
"N2O","18","Iceland","2007","333.156225757569"
"N2O","18","Iceland","2006","320.614918509305"
"N2O","18","Iceland","2005","310.616639964644"
"N2O","18","Iceland","2004","308.613516583968"
"N2O","18","Iceland","2003","306.969678504089"
"N2O","18","Iceland","2002","312.666329422502"
"N2O","18","Iceland","2001","337.581242402058"
"N2O","18","Iceland","2000","342.288193686459"
"N2O","18","Iceland","1999","362.875665985762"
"N2O","18","Iceland","1998","353.922165756497"
"N2O","18","Iceland","1997","353.05282800878"
"N2O","18","Iceland","1996","358.95381168142"
"N2O","18","Iceland","1995","342.877180327499"
"N2O","18","Iceland","1994","348.197509918721"
"N2O","18","Iceland","1993","342.441683197112"
"N2O","18","Iceland","1992","333.868955073648"
"N2O","18","Iceland","1991","348.605513899101"
"N2O","18","Iceland","1990","356.121232219382"
"N2O","19","Ireland","2020","6868.23427982988"
"N2O","19","Ireland","2019","6867.21576870979"
"N2O","19","Ireland","2018","7262.92054889009"
"N2O","19","Ireland","2017","6915.0131500716"
"N2O","19","Ireland","2016","6579.69300478785"
"N2O","19","Ireland","2015","6473.48066588394"
"N2O","19","Ireland","2014","6408.75736798786"
"N2O","19","Ireland","2013","6678.70413094062"
"N2O","19","Ireland","2012","6263.86364375103"
"N2O","19","Ireland","2011","6023.92564568895"
"N2O","19","Ireland","2010","6450.54638358829"
"N2O","19","Ireland","2009","6207.51210601479"
"N2O","19","Ireland","2008","6398.96038263611"
"N2O","19","Ireland","2007","6439.25264674322"
"N2O","19","Ireland","2006","6688.42888695815"
"N2O","19","Ireland","2005","6903.3367910844"
"N2O","19","Ireland","2004","7026.93561579339"
"N2O","19","Ireland","2003","7151.37516751027"
"N2O","19","Ireland","2002","7249.31721541249"
"N2O","19","Ireland","2001","7579.38067222656"
"N2O","19","Ireland","2000","8054.81896602362"
"N2O","19","Ireland","1999","8349.13927629963"
"N2O","19","Ireland","1998","8597.79316147675"
"N2O","19","Ireland","1997","8149.49057834714"
"N2O","19","Ireland","1996","8234.93400442534"
"N2O","19","Ireland","1995","8108.87964701897"
"N2O","19","Ireland","1994","7787.75015925372"
"N2O","19","Ireland","1993","7515.75895155562"
"N2O","19","Ireland","1992","7376.28793338369"
"N2O","19","Ireland","1991","7438.79098369401"
"N2O","19","Ireland","1990","7663.43051084386"
"N2O","20","Italy","2020","19471.1281047612"
"N2O","20","Italy","2019","18756.7304857379"
"N2O","20","Italy","2018","18987.3218074936"
"N2O","20","Italy","2017","19059.3336431983"
"N2O","20","Italy","2016","19308.4248694177"
"N2O","20","Italy","2015","18866.6252656871"
"N2O","20","Italy","2014","19004.4863812313"
"N2O","20","Italy","2013","19297.428420433"
"N2O","20","Italy","2012","20123.6724629207"
"N2O","20","Italy","2011","19846.3290976663"
"N2O","20","Italy","2010","20331.052779802"
"N2O","20","Italy","2009","21111.2196967515"
"N2O","20","Italy","2008","22156.521166317"
"N2O","20","Italy","2007","23771.3298326175"
"N2O","20","Italy","2006","24286.6056385318"
"N2O","20","Italy","2005","29280.5638383319"
"N2O","20","Italy","2004","30478.1779123112"
"N2O","20","Italy","2003","29510.5034631565"
"N2O","20","Italy","2002","29843.0639104572"
"N2O","20","Italy","2001","30484.6865280874"
"N2O","20","Italy","2000","30270.0731769642"
"N2O","20","Italy","1999","31454.01681336"
"N2O","20","Italy","1998","30853.0300313568"
"N2O","20","Italy","1997","30577.653955452"
"N2O","20","Italy","1996","29603.3843475417"
"N2O","20","Italy","1995","29433.0352388196"
"N2O","20","Italy","1994","28174.5353618588"
"N2O","20","Italy","1993","28626.9158721131"
"N2O","20","Italy","1992","28074.3161054962"
"N2O","20","Italy","1991","28400.4155941039"
"N2O","20","Italy","1990","27208.9063864252"
"N2O","21","Japan","2020","19986.9367230731"
"N2O","21","Japan","2019","20252.0923108508"
"N2O","21","Japan","2018","20607.0664850964"
"N2O","21","Japan","2017","21062.8728800631"
"N2O","21","Japan","2016","20803.9366669403"
"N2O","21","Japan","2015","21315.0948194642"
"N2O","21","Japan","2014","21612.5840277856"
"N2O","21","Japan","2013","22049.04612731"
"N2O","21","Japan","2012","22088.7007642598"
"N2O","21","Japan","2011","22450.599062821"
"N2O","21","Japan","2010","22841.2459593145"
"N2O","21","Japan","2009","23327.1456480517"
"N2O","21","Japan","2008","23907.8967950757"
"N2O","21","Japan","2007","24800.3801473443"
"N2O","21","Japan","2006","25361.323689516"
"N2O","21","Japan","2005","25488.6006224202"
"N2O","21","Japan","2004","25828.5056490095"
"N2O","21","Japan","2003","25996.2595961948"
"N2O","21","Japan","2002","26134.8705100207"
"N2O","21","Japan","2001","26714.5701365809"
"N2O","21","Japan","2000","30345.8265897802"
"N2O","21","Japan","1999","27809.6028336193"
"N2O","21","Japan","1998","33933.0500415572"
"N2O","21","Japan","1997","35504.3411030901"
"N2O","21","Japan","1996","34703.2166997831"
"N2O","21","Japan","1995","33598.2157273811"
"N2O","21","Japan","1994","33324.1491938828"
"N2O","21","Japan","1993","32077.9889902979"
"N2O","21","Japan","1992","32196.0748634693"
"N2O","21","Japan","1991","32033.3993956602"
"N2O","21","Japan","1990","32358.5508942753"
"N2O","22","Latvia","2020","1473.60589487367"
"N2O","22","Latvia","2019","1442.99529616951"
"N2O","22","Latvia","2018","1359.74801001069"
"N2O","22","Latvia","2017","1413.40529741094"
"N2O","22","Latvia","2016","1402.17683762537"
"N2O","22","Latvia","2015","1403.93121402792"
"N2O","22","Latvia","2014","1355.13285548017"
"N2O","22","Latvia","2013","1314.0022403549"
"N2O","22","Latvia","2012","1288.45273236086"
"N2O","22","Latvia","2011","1221.38740132465"
"N2O","22","Latvia","2010","1220.54249521593"
"N2O","22","Latvia","2009","1190.99987058317"
"N2O","22","Latvia","2008","1166.61761925889"
"N2O","22","Latvia","2007","1189.9127224743"
"N2O","22","Latvia","2006","1139.43934839837"
"N2O","22","Latvia","2005","1138.28181856521"
"N2O","22","Latvia","2004","1100.80589816867"
"N2O","22","Latvia","2003","1115.60935131588"
"N2O","22","Latvia","2002","1068.65420026638"
"N2O","22","Latvia","2001","1104.84899452115"
"N2O","22","Latvia","2000","1026.9916643572"
"N2O","22","Latvia","1999","1012.63379999256"
"N2O","22","Latvia","1998","1075.43975056866"
"N2O","22","Latvia","1997","1121.87852259544"
"N2O","22","Latvia","1996","1118.76018480595"
"N2O","22","Latvia","1995","1117.44347413678"
"N2O","22","Latvia","1994","1270.50281598264"
"N2O","22","Latvia","1993","1498.75964414511"
"N2O","22","Latvia","1992","1922.63694002383"
"N2O","22","Latvia","1991","2476.84282928909"
"N2O","22","Latvia","1990","2583.07081130008"
"N2O","23","Liechtenstein","2020","9.18579621960922"
"N2O","23","Liechtenstein","2019","9.29689173695128"
"N2O","23","Liechtenstein","2018","9.15492301143266"
"N2O","23","Liechtenstein","2017","8.97176871498674"
"N2O","23","Liechtenstein","2016","9.01487331487206"
"N2O","23","Liechtenstein","2015","9.1739383274461"
"N2O","23","Liechtenstein","2014","9.12578137336818"
"N2O","23","Liechtenstein","2013","9.22488621038782"
"N2O","23","Liechtenstein","2012","9.53194815807596"
"N2O","23","Liechtenstein","2011","9.66291170217854"
"N2O","23","Liechtenstein","2010","9.29079939938288"
"N2O","23","Liechtenstein","2009","9.49831324593136"
"N2O","23","Liechtenstein","2008","9.56782106695326"
"N2O","23","Liechtenstein","2007","9.38064713143776"
"N2O","23","Liechtenstein","2006","9.3152912707443"
"N2O","23","Liechtenstein","2005","9.12044732170066"
"N2O","23","Liechtenstein","2004","8.99747425525128"
"N2O","23","Liechtenstein","2003","9.57386585401458"
"N2O","23","Liechtenstein","2002","9.58138828249142"
"N2O","23","Liechtenstein","2001","9.4857337501714"
"N2O","23","Liechtenstein","2000","9.48463995555288"
"N2O","23","Liechtenstein","1999","9.57687600078526"
"N2O","23","Liechtenstein","1998","9.81787216282992"
"N2O","23","Liechtenstein","1997","10.1641214999713"
"N2O","23","Liechtenstein","1996","10.0988608802685"
"N2O","23","Liechtenstein","1995","10.1767660099413"
"N2O","23","Liechtenstein","1994","10.245097666853"
"N2O","23","Liechtenstein","1993","10.2830696886839"
"N2O","23","Liechtenstein","1992","10.5009362029242"
"N2O","23","Liechtenstein","1991","10.5414434707513"
"N2O","23","Liechtenstein","1990","10.2673592809291"
"N2O","24","Lithuania","2020","3147.8601389107"
"N2O","24","Lithuania","2019","2941.70567335109"
"N2O","24","Lithuania","2018","2894.60759003956"
"N2O","24","Lithuania","2017","3035.05678710696"
"N2O","24","Lithuania","2016","2984.83665624074"
"N2O","24","Lithuania","2015","3041.63255216842"
"N2O","24","Lithuania","2014","3019.18423313572"
"N2O","24","Lithuania","2013","2864.50452158976"
"N2O","24","Lithuania","2012","3102.70067758387"
"N2O","24","Lithuania","2011","3288.4204892889"
"N2O","24","Lithuania","2010","2936.28018726181"
"N2O","24","Lithuania","2009","3021.09010613403"
"N2O","24","Lithuania","2008","5089.47953339794"
"N2O","24","Lithuania","2007","5356.64289350665"
"N2O","24","Lithuania","2006","4565.42405427362"
"N2O","24","Lithuania","2005","4620.4140782794"
"N2O","24","Lithuania","2004","4359.60605544507"
"N2O","24","Lithuania","2003","4168.65797370417"
"N2O","24","Lithuania","2002","4065.80953994599"
"N2O","24","Lithuania","2001","3827.58440832963"
"N2O","24","Lithuania","2000","3699.1853097995"
"N2O","24","Lithuania","1999","3492.83969498718"
"N2O","24","Lithuania","1998","3530.3190938377"
"N2O","24","Lithuania","1997","3285.94060820819"
"N2O","24","Lithuania","1996","3173.33154989517"
"N2O","24","Lithuania","1995","2734.37331756078"
"N2O","24","Lithuania","1994","2766.48162330252"
"N2O","24","Lithuania","1993","3100.36109584853"
"N2O","24","Lithuania","1992","3588.07008988757"
"N2O","24","Lithuania","1991","5257.39589636061"
"N2O","24","Lithuania","1990","5147.67028766425"
"N2O","25","Luxembourg","2020","322.247701506691"
"N2O","25","Luxembourg","2019","340.20172053602"
"N2O","25","Luxembourg","2018","335.848857214431"
"N2O","25","Luxembourg","2017","334.79993885654"
"N2O","25","Luxembourg","2016","330.134701240148"
"N2O","25","Luxembourg","2015","319.679652430886"
"N2O","25","Luxembourg","2014","321.743409862911"
"N2O","25","Luxembourg","2013","317.813914464617"
"N2O","25","Luxembourg","2012","317.295040865285"
"N2O","25","Luxembourg","2011","322.640292814541"
"N2O","25","Luxembourg","2010","317.728212972396"
"N2O","25","Luxembourg","2009","309.009029953636"
"N2O","25","Luxembourg","2008","310.695186125296"
"N2O","25","Luxembourg","2007","302.800120981204"
"N2O","25","Luxembourg","2006","296.275609036489"
"N2O","25","Luxembourg","2005","296.605903385138"
"N2O","25","Luxembourg","2004","312.187119519389"
"N2O","25","Luxembourg","2003","286.572450327352"
"N2O","25","Luxembourg","2002","307.634040557066"
"N2O","25","Luxembourg","2001","310.803679673757"
"N2O","25","Luxembourg","2000","328.240053665996"
"N2O","25","Luxembourg","1999","328.556259908958"
"N2O","25","Luxembourg","1998","324.1915302871"
"N2O","25","Luxembourg","1997","327.629592223361"
"N2O","25","Luxembourg","1996","330.80102366666"
"N2O","25","Luxembourg","1995","327.841623084303"
"N2O","25","Luxembourg","1994","327.214809097458"
"N2O","25","Luxembourg","1993","332.021731870215"
"N2O","25","Luxembourg","1992","337.894242286538"
"N2O","25","Luxembourg","1991","330.816940808464"
"N2O","25","Luxembourg","1990","319.849921937205"
"N2O","26","Malta","2020","55.4667792098208"
"N2O","26","Malta","2019","55.3694416116091"
"N2O","26","Malta","2018","52.5259659544795"
"N2O","26","Malta","2017","52.5295055656876"
"N2O","26","Malta","2016","54.0004404587554"
"N2O","26","Malta","2015","55.508316206212"
"N2O","26","Malta","2014","55.8260517824353"
"N2O","26","Malta","2013","55.940842073095"
"N2O","26","Malta","2012","58.0925543060255"
"N2O","26","Malta","2011","58.14587434021"
"N2O","26","Malta","2010","65.1979046217002"
"N2O","26","Malta","2009","67.175757564348"
"N2O","26","Malta","2008","72.4138212318413"
"N2O","26","Malta","2007","77.1070948674713"
"N2O","26","Malta","2006","76.6199930893319"
"N2O","26","Malta","2005","76.4017806670709"
"N2O","26","Malta","2004","80.038303450286"
"N2O","26","Malta","2003","79.1000284298382"
"N2O","26","Malta","2002","80.8629787853774"
"N2O","26","Malta","2001","81.5689721834919"
"N2O","26","Malta","2000","83.8497418812671"
"N2O","26","Malta","1999","84.6158827735788"
"N2O","26","Malta","1998","85.3847845177276"
"N2O","26","Malta","1997","84.7911117466535"
"N2O","26","Malta","1996","83.5594214240039"
"N2O","26","Malta","1995","84.3252367230056"
"N2O","26","Malta","1994","83.9511005542738"
"N2O","26","Malta","1993","85.5103972976879"
"N2O","26","Malta","1992","82.8013433938642"
"N2O","26","Malta","1991","80.8807086627846"
"N2O","26","Malta","1990","79.8878980157486"
"N2O","27","Monaco","2020","2.7542393417828"
"N2O","27","Monaco","2019","2.9156773725264"
"N2O","27","Monaco","2018","3.14240457180782"
"N2O","27","Monaco","2017","2.9086203522635"
"N2O","27","Monaco","2016","3.41720238258756"
"N2O","27","Monaco","2015","3.672482726622"
"N2O","27","Monaco","2014","3.70431564793182"
"N2O","27","Monaco","2013","4.0744918321489"
"N2O","27","Monaco","2012","3.94974532565172"
"N2O","27","Monaco","2011","3.97345390668024"
"N2O","27","Monaco","2010","4.12850634963274"
"N2O","27","Monaco","2009","4.09905601714392"
"N2O","27","Monaco","2008","3.8314054800067"
"N2O","27","Monaco","2007","3.89908314717338"
"N2O","27","Monaco","2006","3.02830486966486"
"N2O","27","Monaco","2005","2.78927920266226"
"N2O","27","Monaco","2004","2.8997487951751"
"N2O","27","Monaco","2003","3.0377727306477"
"N2O","27","Monaco","2002","3.17409562289876"
"N2O","27","Monaco","2001","3.31903198158724"
"N2O","27","Monaco","2000","3.1611572772523"
"N2O","27","Monaco","1999","2.94580764640916"
"N2O","27","Monaco","1998","2.94656029771412"
"N2O","27","Monaco","1997","3.03994022181114"
"N2O","27","Monaco","1996","2.93475064033462"
"N2O","27","Monaco","1995","2.80252229896828"
"N2O","27","Monaco","1994","2.87765721057754"
"N2O","27","Monaco","1993","2.80781832322532"
"N2O","27","Monaco","1992","2.6745839227257"
"N2O","27","Monaco","1991","2.52744415358086"
"N2O","27","Monaco","1990","2.22983723600578"
"N2O","28","Netherlands","2020","7754.29733015799"
"N2O","28","Netherlands","2019","7915.89534591736"
"N2O","28","Netherlands","2018","8026.20348605357"
"N2O","28","Netherlands","2017","8259.98276211718"
"N2O","28","Netherlands","2016","8008.44357045063"
"N2O","28","Netherlands","2015","8328.32908157518"
"N2O","28","Netherlands","2014","8124.3537223725"
"N2O","28","Netherlands","2013","8001.4001579732"
"N2O","28","Netherlands","2012","7775.77179552674"
"N2O","28","Netherlands","2011","7926.32731219199"
"N2O","28","Netherlands","2010","8149.9958716054"
"N2O","28","Netherlands","2009","8400.5212764082"
"N2O","28","Netherlands","2008","8553.04382363741"
"N2O","28","Netherlands","2007","12304.0602824379"
"N2O","28","Netherlands","2006","13910.6795665976"
"N2O","28","Netherlands","2005","13862.7307102728"
"N2O","28","Netherlands","2004","13916.6163752151"
"N2O","28","Netherlands","2003","13552.2807790856"
"N2O","28","Netherlands","2002","13653.7425352853"
"N2O","28","Netherlands","2001","14552.4563918127"
"N2O","28","Netherlands","2000","15487.2586599556"
"N2O","28","Netherlands","1999","16147.9897614041"
"N2O","28","Netherlands","1998","16815.6207173679"
"N2O","28","Netherlands","1997","17398.8470591796"
"N2O","28","Netherlands","1996","17677.9966068244"
"N2O","28","Netherlands","1995","17612.6384101558"
"N2O","28","Netherlands","1994","17747.8145528959"
"N2O","28","Netherlands","1993","18205.5403018234"
"N2O","28","Netherlands","1992","17930.4755131515"
"N2O","28","Netherlands","1991","17661.3979339121"
"N2O","28","Netherlands","1990","17478.9023929018"
"N2O","29","New Zealand","2020","8463.77707381723"
"N2O","29","New Zealand","2019","8399.48622616995"
"N2O","29","New Zealand","2018","8363.07785423256"
"N2O","29","New Zealand","2017","8244.39547391146"
"N2O","29","New Zealand","2016","8214.76658100971"
"N2O","29","New Zealand","2015","8186.64736794766"
"N2O","29","New Zealand","2014","8267.29966982365"
"N2O","29","New Zealand","2013","8000.40694680983"
"N2O","29","New Zealand","2012","7968.75017214267"
"N2O","29","New Zealand","2011","7859.78239650587"
"N2O","29","New Zealand","2010","7679.67672915205"
"N2O","29","New Zealand","2009","7539.78119713018"
"N2O","29","New Zealand","2008","7537.21814901027"
"N2O","29","New Zealand","2007","7537.10284548265"
"N2O","29","New Zealand","2006","7725.79133581173"
"N2O","29","New Zealand","2005","7930.3009726665"
"N2O","29","New Zealand","2004","7859.3463547744"
"N2O","29","New Zealand","2003","7726.31013734987"
"N2O","29","New Zealand","2002","7463.58810718251"
"N2O","29","New Zealand","2001","7363.33579977885"
"N2O","29","New Zealand","2000","6996.74312038273"
"N2O","29","New Zealand","1999","6697.21030269312"
"N2O","29","New Zealand","1998","6666.35433082603"
"N2O","29","New Zealand","1997","6732.59984342316"
"N2O","29","New Zealand","1996","6647.84348331609"
"N2O","29","New Zealand","1995","6570.01552380982"
"N2O","29","New Zealand","1994","6334.5032619727"
"N2O","29","New Zealand","1993","6108.17644368148"
"N2O","29","New Zealand","1992","5887.35264599539"
"N2O","29","New Zealand","1991","5860.16687773924"
"N2O","29","New Zealand","1990","5792.04515927284"
"N2O","30","Norway","2020","2318.91407832384"
"N2O","30","Norway","2019","2389.59905446177"
"N2O","30","Norway","2018","2368.01633714479"
"N2O","30","Norway","2017","2389.92078118952"
"N2O","30","Norway","2016","2436.85070346459"
"N2O","30","Norway","2015","2501.70927453531"
"N2O","30","Norway","2014","2462.43734363343"
"N2O","30","Norway","2013","2449.32688125133"
"N2O","30","Norway","2012","2473.02565809833"
"N2O","30","Norway","2011","2463.24023783695"
"N2O","30","Norway","2010","2470.86782398102"
"N2O","30","Norway","2009","2563.04172632002"
"N2O","30","Norway","2008","3110.87596807051"
"N2O","30","Norway","2007","3552.94723134731"
"N2O","30","Norway","2006","3729.78690954002"
"N2O","30","Norway","2005","4061.80130711753"
"N2O","30","Norway","2004","3991.07662213096"
"N2O","30","Norway","2003","3846.51408990488"
"N2O","30","Norway","2002","3993.36922716355"
"N2O","30","Norway","2001","3747.73671424098"
"N2O","30","Norway","2000","3818.5564882692"
"N2O","30","Norway","1999","4022.16287896062"
"N2O","30","Norway","1998","3808.09708930358"
"N2O","30","Norway","1997","3718.39421762186"
"N2O","30","Norway","1996","3729.16946371271"
"N2O","30","Norway","1995","3711.63784112274"
"N2O","30","Norway","1994","3684.33909095044"
"N2O","30","Norway","1993","3614.50070993931"
"N2O","30","Norway","1992","3414.69988654181"
"N2O","30","Norway","1991","3949.54219116481"
"N2O","30","Norway","1990","4105.83727746903"
"N2O","31","Poland","2020","22838.850491469"
"N2O","31","Poland","2019","22007.1228580271"
"N2O","31","Poland","2018","23182.56935089"
"N2O","31","Poland","2017","23016.8827926915"
"N2O","31","Poland","2016","22011.6106928243"
"N2O","31","Poland","2015","21462.2624230408"
"N2O","31","Poland","2014","22209.2387750703"
"N2O","31","Poland","2013","22636.6476629146"
"N2O","31","Poland","2012","22426.3529628975"
"N2O","31","Poland","2011","22349.6044502335"
"N2O","31","Poland","2010","22067.6406243109"
"N2O","31","Poland","2009","22521.5986409734"
"N2O","31","Poland","2008","25715.8141464331"
"N2O","31","Poland","2007","26169.0846415552"
"N2O","31","Poland","2006","25298.7791454058"
"N2O","31","Poland","2005","24945.3580045873"
"N2O","31","Poland","2004","24673.0981987598"
"N2O","31","Poland","2003","24093.0921643978"
"N2O","31","Poland","2002","24021.5057159223"
"N2O","31","Poland","2001","25467.1910004881"
"N2O","31","Poland","2000","25342.7363024989"
"N2O","31","Poland","1999","25231.7598898928"
"N2O","31","Poland","1998","25919.9413069814"
"N2O","31","Poland","1997","26153.2821485554"
"N2O","31","Poland","1996","26096.1370846003"
"N2O","31","Poland","1995","26336.136404926"
"N2O","31","Poland","1994","25494.5174365057"
"N2O","31","Poland","1993","25547.507208506"
"N2O","31","Poland","1992","24685.8149760622"
"N2O","31","Poland","1991","26715.9466763135"
"N2O","31","Poland","1990","31305.3733440274"
"N2O","32","Portugal","2020","3306.63616679369"
"N2O","32","Portugal","2019","3319.01116014244"
"N2O","32","Portugal","2018","3261.33184854455"
"N2O","32","Portugal","2017","3251.13051056572"
"N2O","32","Portugal","2016","3169.65425497819"
"N2O","32","Portugal","2015","3244.29567079032"
"N2O","32","Portugal","2014","3350.78302717068"
"N2O","32","Portugal","2013","3210.45624262301"
"N2O","32","Portugal","2012","3219.00778053583"
"N2O","32","Portugal","2011","3221.25795048593"
"N2O","32","Portugal","2010","3575.57259762946"
"N2O","32","Portugal","2009","3574.19103920439"
"N2O","32","Portugal","2008","3815.59470715136"
"N2O","32","Portugal","2007","3907.23046732324"
"N2O","32","Portugal","2006","3737.98209254385"
"N2O","32","Portugal","2005","3868.67811173132"
"N2O","32","Portugal","2004","4367.36087714595"
"N2O","32","Portugal","2003","4070.15865664122"
"N2O","32","Portugal","2002","4219.9571433181"
"N2O","32","Portugal","2001","4336.67868575527"
"N2O","32","Portugal","2000","4473.96379094863"
"N2O","32","Portugal","1999","4279.38728594912"
"N2O","32","Portugal","1998","4174.67654154742"
"N2O","32","Portugal","1997","4141.15412064195"
"N2O","32","Portugal","1996","4089.31387256582"
"N2O","32","Portugal","1995","3886.84548694925"
"N2O","32","Portugal","1994","3720.27053769244"
"N2O","32","Portugal","1993","3730.59078018949"
"N2O","32","Portugal","1992","3817.89663892284"
"N2O","32","Portugal","1991","3854.40411188749"
"N2O","32","Portugal","1990","3888.6306130017"
"N2O","33","Romania","2020","10965.117267677"
"N2O","33","Romania","2019","11650.897422511"
"N2O","33","Romania","2018","12039.8171974865"
"N2O","33","Romania","2017","11258.2091818598"
"N2O","33","Romania","2016","10785.0726654449"
"N2O","33","Romania","2015","10755.6798084371"
"N2O","33","Romania","2014","10740.1806922765"
"N2O","33","Romania","2013","10863.2378242134"
"N2O","33","Romania","2012","10510.4183748218"
"N2O","33","Romania","2011","11343.5546510672"
"N2O","33","Romania","2010","11037.9928383441"
"N2O","33","Romania","2009","10949.2638631919"
"N2O","33","Romania","2008","11550.5073165797"
"N2O","33","Romania","2007","12613.3758565344"
"N2O","33","Romania","2006","12874.00862103"
"N2O","33","Romania","2005","13681.5345933116"
"N2O","33","Romania","2004","13327.8519872041"
"N2O","33","Romania","2003","12827.8741938338"
"N2O","33","Romania","2002","12108.8097861379"
"N2O","33","Romania","2001","12583.5485594128"
"N2O","33","Romania","2000","12763.1641646369"
"N2O","33","Romania","1999","12840.7675132709"
"N2O","33","Romania","1998","13479.6901266133"
"N2O","33","Romania","1997","14681.4155494459"
"N2O","33","Romania","1996","15359.4438561016"
"N2O","33","Romania","1995","15829.5407290473"
"N2O","33","Romania","1994","15212.6046175812"
"N2O","33","Romania","1993","16180.9241824739"
"N2O","33","Romania","1992","15616.2571948897"
"N2O","33","Romania","1991","16503.8623469681"
"N2O","33","Romania","1990","21389.2591309326"
"N2O","34","Russian Federation","2020","86180.1881431506"
"N2O","34","Russian Federation","2019","83933.2651278953"
"N2O","34","Russian Federation","2018","82111.4315163714"
"N2O","34","Russian Federation","2017","82659.4669378066"
"N2O","34","Russian Federation","2016","81400.2868040512"
"N2O","34","Russian Federation","2015","77737.500037807"
"N2O","34","Russian Federation","2014","76121.5560892996"
"N2O","34","Russian Federation","2013","75233.6477442767"
"N2O","34","Russian Federation","2012","73532.3968089207"
"N2O","34","Russian Federation","2011","76162.6814206247"
"N2O","34","Russian Federation","2010","72078.1010682759"
"N2O","34","Russian Federation","2009","74925.7672305324"
"N2O","34","Russian Federation","2008","75182.9892589573"
"N2O","34","Russian Federation","2007","72627.846783224"
"N2O","34","Russian Federation","2006","70959.609826298"
"N2O","34","Russian Federation","2005","70851.6444836073"
"N2O","34","Russian Federation","2004","71167.6675204348"
"N2O","34","Russian Federation","2003","71235.9418255963"
"N2O","34","Russian Federation","2002","72964.2392767408"
"N2O","34","Russian Federation","2001","73060.3841693272"
"N2O","34","Russian Federation","2000","73500.1402020067"
"N2O","34","Russian Federation","1999","71751.8175289316"
"N2O","34","Russian Federation","1998","72638.8237124483"
"N2O","34","Russian Federation","1997","79895.8053104357"
"N2O","34","Russian Federation","1996","82663.1349171981"
"N2O","34","Russian Federation","1995","87416.5373652546"
"N2O","34","Russian Federation","1994","94917.547651332"
"N2O","34","Russian Federation","1993","108643.397980369"
"N2O","34","Russian Federation","1992","119308.089099832"
"N2O","34","Russian Federation","1991","129870.557751601"
"N2O","34","Russian Federation","1990","139337.049725159"
"N2O","35","Slovakia","2020","1944.73196821854"
"N2O","35","Slovakia","2019","1946.9827550554"
"N2O","35","Slovakia","2018","1918.74015753895"
"N2O","35","Slovakia","2017","1904.93873327218"
"N2O","35","Slovakia","2016","2057.47314138869"
"N2O","35","Slovakia","2015","1913.48549945591"
"N2O","35","Slovakia","2014","2103.42143191762"
"N2O","35","Slovakia","2013","1952.17336878279"
"N2O","35","Slovakia","2012","1911.73120070949"
"N2O","35","Slovakia","2011","2145.28634997136"
"N2O","35","Slovakia","2010","2670.58727688371"
"N2O","35","Slovakia","2009","2713.20875272296"
"N2O","35","Slovakia","2008","3151.26341915356"
"N2O","35","Slovakia","2007","3085.20558554669"
"N2O","35","Slovakia","2006","3157.55701579106"
"N2O","35","Slovakia","2005","3030.29058865185"
"N2O","35","Slovakia","2004","3064.38731351243"
"N2O","35","Slovakia","2003","2835.45306764075"
"N2O","35","Slovakia","2002","2878.62404261158"
"N2O","35","Slovakia","2001","2949.09566628929"
"N2O","35","Slovakia","2000","2601.09036560088"
"N2O","35","Slovakia","1999","2327.99074852713"
"N2O","35","Slovakia","1998","2758.1498663031"
"N2O","35","Slovakia","1997","3070.59827599698"
"N2O","35","Slovakia","1996","3075.54399420479"
"N2O","35","Slovakia","1995","2897.15636526204"
"N2O","35","Slovakia","1994","2750.6789181187"
"N2O","35","Slovakia","1993","2300.69306280725"
"N2O","35","Slovakia","1992","2767.98517127765"
"N2O","35","Slovakia","1991","3374.69684078744"
"N2O","35","Slovakia","1990","4288.76526946751"
"N2O","36","Slovenia","2020","771.006877452787"
"N2O","36","Slovenia","2019","778.897486417088"
"N2O","36","Slovenia","2018","740.098884191425"
"N2O","36","Slovenia","2017","730.810068039667"
"N2O","36","Slovenia","2016","755.131632102941"
"N2O","36","Slovenia","2015","748.776133813718"
"N2O","36","Slovenia","2014","724.476090863757"
"N2O","36","Slovenia","2013","715.268124991355"
"N2O","36","Slovenia","2012","742.544939114067"
"N2O","36","Slovenia","2011","739.166460944989"
"N2O","36","Slovenia","2010","728.920195304928"
"N2O","36","Slovenia","2009","736.936343269992"
"N2O","36","Slovenia","2008","745.509861976865"
"N2O","36","Slovenia","2007","785.504219328382"
"N2O","36","Slovenia","2006","776.818458044978"
"N2O","36","Slovenia","2005","766.674838344915"
"N2O","36","Slovenia","2004","760.298956036067"
"N2O","36","Slovenia","2003","781.181880688455"
"N2O","36","Slovenia","2002","809.239436889724"
"N2O","36","Slovenia","2001","847.603493495165"
"N2O","36","Slovenia","2000","845.895228141122"
"N2O","36","Slovenia","1999","817.883582206624"
"N2O","36","Slovenia","1998","813.494043229438"
"N2O","36","Slovenia","1997","803.49054928809"
"N2O","36","Slovenia","1996","794.743791450951"
"N2O","36","Slovenia","1995","791.237907523021"
"N2O","36","Slovenia","1994","759.680139604828"
"N2O","36","Slovenia","1993","724.608929320215"
"N2O","36","Slovenia","1992","763.74437758315"
"N2O","36","Slovenia","1991","698.884905535809"
"N2O","36","Slovenia","1990","756.454535010033"
"N2O","37","Spain","2020","18233.6733141157"
"N2O","37","Spain","2019","17920.0851589811"
"N2O","37","Spain","2018","18165.8364388654"
"N2O","37","Spain","2017","17939.7109575823"
"N2O","37","Spain","2016","17291.537055126"
"N2O","37","Spain","2015","17556.4147673885"
"N2O","37","Spain","2014","17358.4391128105"
"N2O","37","Spain","2013","16706.8501058864"
"N2O","37","Spain","2012","16090.1278275905"
"N2O","37","Spain","2011","16761.837277457"
"N2O","37","Spain","2010","17702.5723305774"
"N2O","37","Spain","2009","17399.1801197999"
"N2O","37","Spain","2008","17567.1695973766"
"N2O","37","Spain","2007","19422.8853953146"
"N2O","37","Spain","2006","19247.0665121762"
"N2O","37","Spain","2005","19218.1438885771"
"N2O","37","Spain","2004","20010.7582071265"
"N2O","37","Spain","2003","20719.2161139129"
"N2O","37","Spain","2002","19537.1011507224"
"N2O","37","Spain","2001","20348.4585044333"
"N2O","37","Spain","2000","21189.1364323433"
"N2O","37","Spain","1999","20790.5250396899"
"N2O","37","Spain","1998","20010.6757577211"
"N2O","37","Spain","1997","19604.1492622747"
"N2O","37","Spain","1996","20161.9052633344"
"N2O","37","Spain","1995","17873.3227344846"
"N2O","37","Spain","1994","17830.7969465916"
"N2O","37","Spain","1993","15845.0536470405"
"N2O","37","Spain","1992","16849.6673024348"
"N2O","37","Spain","1991","17364.2521931386"
"N2O","37","Spain","1990","17865.0594352466"
"N2O","38","Sweden","2020","4616.68776268073"
"N2O","38","Sweden","2019","4573.85610600025"
"N2O","38","Sweden","2018","4596.05454846789"
"N2O","38","Sweden","2017","4806.37018169108"
"N2O","38","Sweden","2016","4617.41794612719"
"N2O","38","Sweden","2015","4635.5371241583"
"N2O","38","Sweden","2014","4599.19948655933"
"N2O","38","Sweden","2013","4538.13475610192"
"N2O","38","Sweden","2012","4495.67145045588"
"N2O","38","Sweden","2011","4534.65722628239"
"N2O","38","Sweden","2010","4829.25101380856"
"N2O","38","Sweden","2009","4659.85266524404"
"N2O","38","Sweden","2008","4827.60141025783"
"N2O","38","Sweden","2007","4744.79090246574"
"N2O","38","Sweden","2006","4907.30151965059"
"N2O","38","Sweden","2005","4965.53537331407"
"N2O","38","Sweden","2004","5073.33446108568"
"N2O","38","Sweden","2003","5066.37753666585"
"N2O","38","Sweden","2002","5105.05698481847"
"N2O","38","Sweden","2001","5225.56930993216"
"N2O","38","Sweden","2000","5346.26362280137"
"N2O","38","Sweden","1999","5436.70407720322"
"N2O","38","Sweden","1998","5655.33321067649"
"N2O","38","Sweden","1997","5619.80405723691"
"N2O","38","Sweden","1996","5614.52642907168"
"N2O","38","Sweden","1995","5603.44797761334"
"N2O","38","Sweden","1994","5725.06063999907"
"N2O","38","Sweden","1993","5696.34608136797"
"N2O","38","Sweden","1992","5486.69230093576"
"N2O","38","Sweden","1991","5644.39018148355"
"N2O","38","Sweden","1990","5769.65663896993"
"N2O","39","Switzerland","2020","2902.84638084676"
"N2O","39","Switzerland","2019","2994.02787257499"
"N2O","39","Switzerland","2018","2926.44848739789"
"N2O","39","Switzerland","2017","3058.74990420314"
"N2O","39","Switzerland","2016","2904.78568726191"
"N2O","39","Switzerland","2015","2973.60175340072"
"N2O","39","Switzerland","2014","2968.77414349055"
"N2O","39","Switzerland","2013","2987.48338498622"
"N2O","39","Switzerland","2012","2980.23938956033"
"N2O","39","Switzerland","2011","3005.97913932422"
"N2O","39","Switzerland","2010","3085.179628582"
"N2O","39","Switzerland","2009","2949.82304926764"
"N2O","39","Switzerland","2008","3071.16874877459"
"N2O","39","Switzerland","2007","3149.10900910716"
"N2O","39","Switzerland","2006","3107.93798590526"
"N2O","39","Switzerland","2005","3132.21599307757"
"N2O","39","Switzerland","2004","3106.00440010708"
"N2O","39","Switzerland","2003","3181.4854353889"
"N2O","39","Switzerland","2002","3322.77338165783"
"N2O","39","Switzerland","2001","3253.37200464191"
"N2O","39","Switzerland","2000","3276.43012916786"
"N2O","39","Switzerland","1999","3242.92470060653"
"N2O","39","Switzerland","1998","3213.02083879857"
"N2O","39","Switzerland","1997","3289.36000383275"
"N2O","39","Switzerland","1996","3340.4777205415"
"N2O","39","Switzerland","1995","3331.04060645747"
"N2O","39","Switzerland","1994","3298.13505459837"
"N2O","39","Switzerland","1993","3330.6368010086"
"N2O","39","Switzerland","1992","3320.94934579805"
"N2O","39","Switzerland","1991","3368.75439843124"
"N2O","39","Switzerland","1990","3361.04475894796"
"N2O","40","Trkiye","2020","40468.3545252259"
"N2O","40","Trkiye","2019","36981.1380010944"
"N2O","40","Trkiye","2018","35456.3022049058"
"N2O","40","Trkiye","2017","35587.928923532"
"N2O","40","Trkiye","2016","34408.551044448"
"N2O","40","Trkiye","2015","32320.3289817416"
"N2O","40","Trkiye","2014","31718.9524352691"
"N2O","40","Trkiye","2013","31454.6975948729"
"N2O","40","Trkiye","2012","29643.3273725737"
"N2O","40","Trkiye","2011","28518.8490971165"
"N2O","40","Trkiye","2010","27446.0200357267"
"N2O","40","Trkiye","2009","26552.1004762344"
"N2O","40","Trkiye","2008","24751.3087628321"
"N2O","40","Trkiye","2007","26305.3964763707"
"N2O","40","Trkiye","2006","27200.6980954002"
"N2O","40","Trkiye","2005","25339.067660777"
"N2O","40","Trkiye","2004","24796.6710013073"
"N2O","40","Trkiye","2003","24000.2232672776"
"N2O","40","Trkiye","2002","22587.0812799505"
"N2O","40","Trkiye","2001","22592.202935579"
"N2O","40","Trkiye","2000","24766.3485676755"
"N2O","40","Trkiye","1999","25630.0561782737"
"N2O","40","Trkiye","1998","25330.397911169"
"N2O","40","Trkiye","1997","24044.0325695488"
"N2O","40","Trkiye","1996","24536.0218258449"
"N2O","40","Trkiye","1995","23865.75236144"
"N2O","40","Trkiye","1994","23565.4427180703"
"N2O","40","Trkiye","1993","26041.3564183588"
"N2O","40","Trkiye","1992","25252.0169158676"
"N2O","40","Trkiye","1991","24733.993492551"
"N2O","40","Trkiye","1990","24950.8668694809"
"N2O","41","Ukraine","2020","37630.9485617166"
"N2O","41","Ukraine","2019","40384.9002458205"
"N2O","41","Ukraine","2018","38785.56977196"
"N2O","41","Ukraine","2017","34985.2414952729"
"N2O","41","Ukraine","2016","36311.3322375798"
"N2O","41","Ukraine","2015","32997.8921134347"
"N2O","41","Ukraine","2014","35294.1950604614"
"N2O","41","Ukraine","2013","35395.5418319211"
"N2O","41","Ukraine","2012","31884.0477279349"
"N2O","41","Ukraine","2011","33337.1915382719"
"N2O","41","Ukraine","2010","27374.9264146297"
"N2O","41","Ukraine","2009","26790.0537161174"
"N2O","41","Ukraine","2008","30790.8397350112"
"N2O","41","Ukraine","2007","25612.4155213949"
"N2O","41","Ukraine","2006","25993.124220293"
"N2O","41","Ukraine","2005","25641.4277312432"
"N2O","41","Ukraine","2004","25324.9903631787"
"N2O","41","Ukraine","2003","22843.911759594"
"N2O","41","Ukraine","2002","25544.4600498353"
"N2O","41","Ukraine","2001","25094.3808846632"
"N2O","41","Ukraine","2000","23782.5322002541"
"N2O","41","Ukraine","1999","23782.2883887341"
"N2O","41","Ukraine","1998","25944.3249869308"
"N2O","41","Ukraine","1997","29216.7633432191"
"N2O","41","Ukraine","1996","28454.358438606"
"N2O","41","Ukraine","1995","32820.858049834"
"N2O","41","Ukraine","1994","35997.2849387588"
"N2O","41","Ukraine","1993","41920.450158794"
"N2O","41","Ukraine","1992","44720.8406009227"
"N2O","41","Ukraine","1991","48272.2287943909"
"N2O","41","Ukraine","1990","53436.1016199708"
"N2O","42","United Kingdom","2020","19298.2906370353"
"N2O","42","United Kingdom","2019","20367.7926894723"
"N2O","42","United Kingdom","2018","20374.2304773143"
"N2O","42","United Kingdom","2017","20533.6165492418"
"N2O","42","United Kingdom","2016","20048.4916411631"
"N2O","42","United Kingdom","2015","20351.0839626248"
"N2O","42","United Kingdom","2014","20692.1797749108"
"N2O","42","United Kingdom","2013","20144.7309209657"
"N2O","42","United Kingdom","2012","20042.9163569931"
"N2O","42","United Kingdom","2011","20290.4647904846"
"N2O","42","United Kingdom","2010","21195.3846831606"
"N2O","42","United Kingdom","2009","20764.7234887079"
"N2O","42","United Kingdom","2008","22217.4255296367"
"N2O","42","United Kingdom","2007","23028.4974966297"
"N2O","42","United Kingdom","2006","22984.8316684154"
"N2O","42","United Kingdom","2005","24128.2674912171"
"N2O","42","United Kingdom","2004","25015.249343958"
"N2O","42","United Kingdom","2003","24400.7474717931"
"N2O","42","United Kingdom","2002","24864.6194162002"
"N2O","42","United Kingdom","2001","26564.3302735067"
"N2O","42","United Kingdom","2000","27969.4794414952"
"N2O","42","United Kingdom","1999","28599.3468307243"
"N2O","42","United Kingdom","1998","38117.5574150702"
"N2O","42","United Kingdom","1997","38090.2395355804"
"N2O","42","United Kingdom","1996","37731.2357512094"
"N2O","42","United Kingdom","1995","37650.4570229319"
"N2O","42","United Kingdom","1994","38990.763027064"
"N2O","42","United Kingdom","1993","38345.6760586631"
"N2O","42","United Kingdom","1992","42585.5605789573"
"N2O","42","United Kingdom","1991","47521.114769021"
"N2O","42","United Kingdom","1990","47288.8924765139"
"N2O","43","United States of America","2020","426053.931089152"
"N2O","43","United States of America","2019","456808.873947448"
"N2O","43","United States of America","2018","457717.215092785"
"N2O","43","United States of America","2017","444577.113873013"
"N2O","43","United States of America","2016","449199.711163451"
"N2O","43","United States of America","2015","466466.834590558"
"N2O","43","United States of America","2014","471769.745740175"
"N2O","43","United States of America","2013","461722.198991967"
"N2O","43","United States of America","2012","414617.440354522"
"N2O","43","United States of America","2011","443410.868254009"
"N2O","43","United States of America","2010","452709.362049391"
"N2O","43","United States of America","2009","443411.77777558"
"N2O","43","United States of America","2008","444687.885586386"
"N2O","43","United States of America","2007","461179.911816438"
"N2O","43","United States of America","2006","450981.127076518"
"N2O","43","United States of America","2005","453332.963532896"
"N2O","43","United States of America","2004","467343.911355236"
"N2O","43","United States of America","2003","457293.993916898"
"N2O","43","United States of America","2002","456429.517810618"
"N2O","43","United States of America","2001","457954.446918919"
"N2O","43","United States of America","2000","442316.42511664"
"N2O","43","United States of America","1999","455150.192734423"
"N2O","43","United States of America","1998","465356.384758281"
"N2O","43","United States of America","1997","464561.039537077"
"N2O","43","United States of America","1996","478534.679090694"
"N2O","43","United States of America","1995","466534.2666718"
"N2O","43","United States of America","1994","454692.88057386"
"N2O","43","United States of America","1993","469058.277395176"
"N2O","43","United States of America","1992","440842.719867338"
"N2O","43","United States of America","1991","441053.164151096"
"N2O","43","United States of America","1990","450473.410163732"

